{"mean_fit_time": [0.09350910186767578, 0.06366562843322754, 0.07308802604675294, 0.08245358467102051, 0.08608508110046387, 0.06399335861206054, 0.06694002151489258, 0.07607793807983398, 0.07752022743225098, 0.050149059295654295, 0.06391005516052246, 0.06421303749084473, 0.15089197158813478, 0.050859689712524414, 0.5156729698181153, 0.08471150398254394, 0.0737370491027832, 0.08695778846740723, 0.07340021133422851, 0.05422730445861816, 0.07976984977722168, 0.08512344360351562, 0.07734484672546386, 0.062159395217895506, 0.07629251480102539, 0.0773775577545166, 0.07897477149963379, 0.06582684516906738, 0.15483007431030274, 0.08799581527709961, 3.5566136837005615, 0.06750221252441406, 0.09354124069213868, 0.3160829544067383, 0.1315011978149414, 0.04264044761657715, 0.08333611488342285, 0.238189697265625, 0.11936426162719727, 0.0492950439453125, 0.09036540985107422, 0.27282156944274905, 0.150162410736084, 0.04801688194274902, 0.1669440746307373, 0.24419307708740234, 33.40094337463379, 0.06437187194824219], "std_fit_time": [0.013525088562279729, 0.004977394538526304, 0.004812270345172589, 0.013514089377824511, 0.009720554088302125, 0.011058425786327512, 0.012234845786338803, 0.014233306708640177, 0.013501241212141194, 0.005235865189856513, 0.006552842135727965, 0.00405034258996401, 0.009371950029987017, 0.008857538726851655, 0.0684460377179853, 0.011141402690219319, 0.009773893021149288, 0.016125797468920455, 0.010506134470137632, 0.010446623985960577, 0.0186604455285135, 0.017146654692072952, 0.019251443700602396, 0.009465108256585367, 0.013057493668083868, 0.009699248716212874, 0.01829799120880068, 0.017497488207988087, 0.03135738691747009, 0.012572962596290963, 0.38654021883852335, 0.010687063245663708, 0.01589536713688416, 0.055660934042576125, 0.02661490953360142, 0.0036704899187429904, 0.006202670764967019, 0.030299959137322995, 0.028633118167325014, 0.009084344021565847, 0.01939969360499471, 0.03633836774727533, 0.0372295191518316, 0.012904176234350027, 0.03297589809796991, 0.03230303128149398, 17.192470268450137, 0.00346465943351145], "mean_score_time": [0.03693342208862305, 0.01025996208190918, 0.013300323486328125, 0.018680429458618163, 0.04129571914672851, 0.007755661010742187, 0.010085678100585938, 0.014750194549560548, 0.03409409523010254, 0.009600448608398437, 0.01046910285949707, 0.014962053298950196, 0.04497027397155762, 0.009487342834472657, 0.009802865982055663, 0.01500701904296875, 0.039276933670043944, 0.009034538269042968, 0.010313796997070312, 0.02282872200012207, 0.037389087677001956, 0.015959835052490233, 0.009399843215942384, 0.013316869735717773, 0.03596038818359375, 0.007576370239257812, 0.009541511535644531, 0.015289115905761718, 0.03317074775695801, 0.00800018310546875, 0.006737518310546875, 0.021199941635131836, 0.03595280647277832, 0.011532354354858398, 0.01761202812194824, 0.009900331497192383, 0.028635311126708984, 0.00970597267150879, 0.00919966697692871, 0.008799934387207031, 0.033954811096191403, 0.01010127067565918, 0.00900583267211914, 0.013826322555541993, 0.033234262466430665, 0.007721853256225586, 0.004376888275146484, 0.019724035263061525], "std_score_time": [0.0035581114684540512, 0.0023161319285970603, 0.004758973443568062, 0.007027494080459433, 0.0062413137410217085, 0.0014294843769367873, 0.0005938693646658966, 0.0022363318021757206, 0.0021171085356418823, 0.0012003739680147708, 0.0008134260609642002, 0.0029350460574452306, 0.01399143703055725, 0.0024518350747769146, 0.0027059319314570425, 0.0026614125858920156, 0.014921756004677881, 0.0008578172797270171, 0.0018814502450046633, 0.014512421905806728, 0.006175469400957961, 0.011304706602194443, 0.0010198516222947513, 0.00346466624422901, 0.007779785726546027, 0.0008396702084811532, 0.000872352918613193, 0.009352841750318626, 0.0020119026374317028, 0.0006324104903003886, 0.0012539301661008211, 0.011124458695174514, 0.008271518912844146, 0.006576085862326724, 0.009790487984525814, 0.0014283402655087805, 0.003702140816755904, 0.001658146991706957, 0.002481958824343818, 0.0009797444254300608, 0.006765040708653001, 0.0017451649366609398, 0.0006320770955432089, 0.005931765914455542, 0.005781502689555367, 0.001851105514200168, 0.0005010246718567143, 0.011885972753797562], "param_C": [0.1, 0.1, 0.1, 0.1, 0.1, 0.1, 0.1, 0.1, 0.1, 0.1, 0.1, 0.1, 0.1, 0.1, 0.1, 0.1, 1, 1, 1, 1, 1, 1, 1, 1, 1, 1, 1, 1, 1, 1, 1, 1, 10, 10, 10, 10, 10, 10, 10, 10, 10, 10, 10, 10, 10, 10, 10, 10], "param_gamma": ["scale", "scale", "scale", "scale", "auto", "auto", "auto", "auto", 0.1, 0.1, 0.1, 0.1, 1, 1, 1, 1, "scale", "scale", "scale", "scale", "auto", "auto", "auto", "auto", 0.1, 0.1, 0.1, 0.1, 1, 1, 1, 1, "scale", "scale", "scale", "scale", "auto", "auto", "auto", "auto", 0.1, 0.1, 0.1, 0.1, 1, 1, 1, 1], "param_kernel": ["rbf", "linear", "poly", "sigmoid", "rbf", "linear", "poly", "sigmoid", "rbf", "linear", "poly", "sigmoid", "rbf", "linear", "poly", "sigmoid", "rbf", "linear", "poly", "sigmoid", "rbf", "linear", "poly", "sigmoid", "rbf", "linear", "poly", "sigmoid", "rbf", "linear", "poly", "sigmoid", "rbf", "linear", "poly", "sigmoid", "rbf", "linear", "poly", "sigmoid", "rbf", "linear", "poly", "sigmoid", "rbf", "linear", "poly", "sigmoid"], "params": [{"C": 0.1, "gamma": "scale", "kernel": "rbf"}, {"C": 0.1, "gamma": "scale", "kernel": "linear"}, {"C": 0.1, "gamma": "scale", "kernel": "poly"}, {"C": 0.1, "gamma": "scale", "kernel": "sigmoid"}, {"C": 0.1, "gamma": "auto", "kernel": "rbf"}, {"C": 0.1, "gamma": "auto", "kernel": "linear"}, {"C": 0.1, "gamma": "auto", "kernel": "poly"}, {"C": 0.1, "gamma": "auto", "kernel": "sigmoid"}, {"C": 0.1, "gamma": 0.1, "kernel": "rbf"}, {"C": 0.1, "gamma": 0.1, "kernel": "linear"}, {"C": 0.1, "gamma": 0.1, "kernel": "poly"}, {"C": 0.1, "gamma": 0.1, "kernel": "sigmoid"}, {"C": 0.1, "gamma": 1, "kernel": "rbf"}, {"C": 0.1, "gamma": 1, "kernel": "linear"}, {"C": 0.1, "gamma": 1, "kernel": "poly"}, {"C": 0.1, "gamma": 1, "kernel": "sigmoid"}, {"C": 1, "gamma": "scale", "kernel": "rbf"}, {"C": 1, "gamma": "scale", "kernel": "linear"}, {"C": 1, "gamma": "scale", "kernel": "poly"}, {"C": 1, "gamma": "scale", "kernel": "sigmoid"}, {"C": 1, "gamma": "auto", "kernel": "rbf"}, {"C": 1, "gamma": "auto", "kernel": "linear"}, {"C": 1, "gamma": "auto", "kernel": "poly"}, {"C": 1, "gamma": "auto", "kernel": "sigmoid"}, {"C": 1, "gamma": 0.1, "kernel": "rbf"}, {"C": 1, "gamma": 0.1, "kernel": "linear"}, {"C": 1, "gamma": 0.1, "kernel": "poly"}, {"C": 1, "gamma": 0.1, "kernel": "sigmoid"}, {"C": 1, "gamma": 1, "kernel": "rbf"}, {"C": 1, "gamma": 1, "kernel": "linear"}, {"C": 1, "gamma": 1, "kernel": "poly"}, {"C": 1, "gamma": 1, "kernel": "sigmoid"}, {"C": 10, "gamma": "scale", "kernel": "rbf"}, {"C": 10, "gamma": "scale", "kernel": "linear"}, {"C": 10, "gamma": "scale", "kernel": "poly"}, {"C": 10, "gamma": "scale", "kernel": "sigmoid"}, {"C": 10, "gamma": "auto", "kernel": "rbf"}, {"C": 10, "gamma": "auto", "kernel": "linear"}, {"C": 10, "gamma": "auto", "kernel": "poly"}, {"C": 10, "gamma": "auto", "kernel": "sigmoid"}, {"C": 10, "gamma": 0.1, "kernel": "rbf"}, {"C": 10, "gamma": 0.1, "kernel": "linear"}, {"C": 10, "gamma": 0.1, "kernel": "poly"}, {"C": 10, "gamma": 0.1, "kernel": "sigmoid"}, {"C": 10, "gamma": 1, "kernel": "rbf"}, {"C": 10, "gamma": 1, "kernel": "linear"}, {"C": 10, "gamma": 1, "kernel": "poly"}, {"C": 10, "gamma": 1, "kernel": "sigmoid"}],