{"mean_fit_time": [0.060373353958129886, 0.03680415153503418, 0.055376291275024414, 0.10088849067687988, 0.09235515594482421, 0.05047030448913574, 0.08882741928100586, 0.12402362823486328, 0.10573549270629883, 0.14602842330932617, 0.09596686363220215, 0.06914048194885254, 0.1129836082458496, 0.05605325698852539, 0.6472795963287353, 0.1463009834289551, 0.2418741226196289, 0.1642336368560791, 0.215104341506958, 0.13286747932434081, 0.13554720878601073, 0.16341347694396974, 0.13572969436645507, 0.07286477088928223, 0.23078441619873047, 0.1250697612762451, 0.1361976146697998, 0.06970820426940919, 0.10061426162719726, 0.08027825355529786, 1.8405298709869384, 0.08559813499450683, 0.14931588172912597, 0.2385965347290039, 0.41959271430969236, 0.06818833351135253, 0.08077316284179688, 0.2548344612121582, 0.4060807704925537, 0.10375137329101562, 0.15555210113525392, 0.2188237190246582, 0.12271533012390137, 0.08501896858215333, 0.1372232437133789, 0.25001845359802244, 14.676018238067627, 0.10316643714904786], "std_fit_time": [0.004646871269803166, 0.002561503534298717, 0.0021046649486551492, 0.04820412895608609, 0.03950215038559355, 0.028062409992194247, 0.061342809654071864, 0.05266482591797185, 0.060368023123396154, 0.056481904820605194, 0.056744156205722436, 0.008746583748270299, 0.04189427524628075, 0.03390991945522719, 0.33208009518743575, 0.058695984869257166, 0.020757317470172627, 0.04328819315229791, 0.0748908676801383, 0.054014213636789016, 0.08168372403412391, 0.03370004281991545, 0.06541636684094697, 0.03836988051132152, 0.011230085673282373, 0.06671687650858482, 0.07561988146727461, 0.005814924971541649, 0.031554882600045915, 0.039821720261239556, 0.28344617090303054, 0.049762030700411915, 0.07533139352531705, 0.10538461856437709, 0.14319093862750143, 0.04056874599427531, 0.007407529593650668, 0.0702725007055072, 0.20991375130488962, 0.03295442914721347, 0.07031851941102686, 0.12394144390874474, 0.07298891446017196, 0.04294254841039181, 0.058070356028511246, 0.07155199561995235, 2.8572142599524675, 0.03964378728886455], "mean_score_time": [0.03169064521789551, 0.009410381317138672, 0.009489774703979492, 0.04000997543334961, 0.03228445053100586, 0.03680849075317383, 0.009212541580200195, 0.023461580276489258, 0.0922825813293457, 0.007663917541503906, 0.00968761444091797, 0.012948131561279297, 0.05034761428833008, 0.026765918731689452, 0.008625459671020509, 0.01437239646911621, 0.05480251312255859, 0.008403635025024414, 0.02467684745788574, 0.02823019027709961, 0.04238419532775879, 0.007825851440429688, 0.01001896858215332, 0.012026739120483399, 0.07225999832153321, 0.023938322067260744, 0.010351037979125977, 0.014162445068359375, 0.029349136352539062, 0.029291963577270506, 0.008637285232543946, 0.028504705429077147, 0.09127206802368164, 0.023121118545532227, 0.026457595825195312, 0.010714530944824219, 0.028584718704223633, 0.04269175529479981, 0.009537601470947265, 0.05711674690246582, 0.07920265197753906, 0.01790337562561035, 0.009302139282226562, 0.01060032844543457, 0.04832921028137207, 0.00849928855895996, 0.008682823181152344, 0.014727306365966798], "std_score_time": [0.004230290569316471, 0.0026237060097125515, 0.00048406306777355436, 0.05351841054527586, 0.005168885789592764, 0.03494418498738322, 0.0004011874297525545, 0.017244180901403706, 0.05086676320997995, 0.0005518959370524863, 0.0004227914624739386, 0.0026030925872613376, 0.03384093125289701, 0.03630363302761703, 0.0007840154960111533, 0.001706814981572272, 0.03574587685726729, 0.0008585933180870563, 0.03235469180662365, 0.03673183532213011, 0.02791336088310925, 0.00034749528760560255, 0.001134104364603582, 0.001831824992493546, 0.05706663095316791, 0.030384007094965658, 0.0018694419767177714, 0.0013255534795771865, 0.0020048665206433367, 0.0411187938425276, 0.0005015156114314023, 0.032012327977851446, 0.027110927102642637, 0.02925349447468107, 0.03530289778469973, 0.0011682593968150743, 0.0012782018540012994, 0.04277931837912212, 0.001129134629516532, 0.03518518063199841, 0.039223655673470206, 0.016345463995192207, 0.0011700447286920109, 0.0027998685933227317, 0.02208579777556507, 0.0004474291041906833, 0.000849200894852658, 0.0020393218834801256], "param_C": [0.1, 0.1, 0.1, 0.1, 0.1, 0.1, 0.1, 0.1, 0.1, 0.1, 0.1, 0.1, 0.1, 0.1, 0.1, 0.1, 1, 1, 1, 1, 1, 1, 1, 1, 1, 1, 1, 1, 1, 1, 1, 1, 10, 10, 10, 10, 10, 10, 10, 10, 10, 10, 10, 10, 10, 10, 10, 10], "param_gamma": ["scale", "scale", "scale", "scale", "auto", "auto", "auto", "auto", 0.1, 0.1, 0.1, 0.1, 1, 1, 1, 1, "scale", "scale", "scale", "scale", "auto", "auto", "auto", "auto", 0.1, 0.1, 0.1, 0.1, 1, 1, 1, 1, "scale", "scale", "scale", "scale", "auto", "auto", "auto", "auto", 0.1, 0.1, 0.1, 0.1, 1, 1, 1, 1], "param_kernel": ["rbf", "linear", "poly", "sigmoid", "rbf", "linear", "poly", "sigmoid", "rbf", "linear", "poly", "sigmoid", "rbf", "linear", "poly", "sigmoid", "rbf", "linear", "poly", "sigmoid", "rbf", "linear", "poly", "sigmoid", "rbf", "linear", "poly", "sigmoid", "rbf", "linear", "poly", "sigmoid", "rbf", "linear", "poly", "sigmoid", "rbf", "linear", "poly", "sigmoid", "rbf", "linear", "poly", "sigmoid", "rbf", "linear", "poly", "sigmoid"], "params": [{"C": 0.1, "gamma": "scale", "kernel": "rbf"}, {"C": 0.1, "gamma": "scale", "kernel": "linear"}, {"C": 0.1, "gamma": "scale", "kernel": "poly"}, {"C": 0.1, "gamma": "scale", "kernel": "sigmoid"}, {"C": 0.1, "gamma": "auto", "kernel": "rbf"}, {"C": 0.1, "gamma": "auto", "kernel": "linear"}, {"C": 0.1, "gamma": "auto", "kernel": "poly"}, {"C": 0.1, "gamma": "auto", "kernel": "sigmoid"}, {"C": 0.1, "gamma": 0.1, "kernel": "rbf"}, {"C": 0.1, "gamma": 0.1, "kernel": "linear"}, {"C": 0.1, "gamma": 0.1, "kernel": "poly"}, {"C": 0.1, "gamma": 0.1, "kernel": "sigmoid"}, {"C": 0.1, "gamma": 1, "kernel": "rbf"}, {"C": 0.1, "gamma": 1, "kernel": "linear"}, {"C": 0.1, "gamma": 1, "kernel": "poly"}, {"C": 0.1, "gamma": 1, "kernel": "sigmoid"}, {"C": 1, "gamma": "scale", "kernel": "rbf"}, {"C": 1, "gamma": "scale", "kernel": "linear"}, {"C": 1, "gamma": "scale", "kernel": "poly"}, {"C": 1, "gamma": "scale", "kernel": "sigmoid"}, {"C": 1, "gamma": "auto", "kernel": "rbf"}, {"C": 1, "gamma": "auto", "kernel": "linear"}, {"C": 1, "gamma": "auto", "kernel": "poly"}, {"C": 1, "gamma": "auto", "kernel": "sigmoid"}, {"C": 1, "gamma": 0.1, "kernel": "rbf"}, {"C": 1, "gamma": 0.1, "kernel": "linear"}, {"C": 1, "gamma": 0.1, "kernel": "poly"}, {"C": 1, "gamma": 0.1, "kernel": "sigmoid"}, {"C": 1, "gamma": 1, "kernel": "rbf"}, {"C": 1, "gamma": 1, "kernel": "linear"}, {"C": 1, "gamma": 1, "kernel": "poly"}, {"C": 1, "gamma": 1, "kernel": "sigmoid"}, {"C": 10, "gamma": "scale", "kernel": "rbf"}, {"C": 10, "gamma": "scale", "kernel": "linear"}, {"C": 10, "gamma": "scale", "kernel": "poly"}, {"C": 10, "gamma": "scale", "kernel": "sigmoid"}, {"C": 10, "gamma": "auto", "kernel": "rbf"}, {"C": 10, "gamma": "auto", "kernel": "linear"}, {"C": 10, "gamma": "auto", "kernel": "poly"}, {"C": 10, "gamma": "auto", "kernel": "sigmoid"}, {"C": 10, "gamma": 0.1, "kernel": "rbf"}, {"C": 10, "gamma": 0.1, "kernel": "linear"}, {"C": 10, "gamma": 0.1, "kernel": "poly"}, {"C": 10, "gamma": 0.1, "kernel": "sigmoid"}, {"C": 10, "gamma": 1, "kernel": "rbf"}, {"C": 10, "gamma": 1, "kernel": "linear"}, {"C": 10, "gamma": 1, "kernel": "poly"}, {"C": 10, "gamma": 1, "kernel": "sigmoid"}],