{"mean_fit_time": [0.11765961647033692], "std_fit_time": [0.006395508187007422], "mean_score_time": [0.024726343154907227], "std_score_time": [0.0025096557143172403], "param_C": [100], "param_gamma": [10], "param_kernel": ["rbf"], "params": [{"C": 100, "gamma": 10, "kernel": "rbf"}], "split0_test_score": [0.6284722222222222], "split1_test_score": [0.5416666666666666], "split2_test_score": [0.5347222222222222], "split3_test_score": [0.5590277777777778], "split4_test_score": [0.5888501742160279], "mean_test_score": [0.5705478126209833], "std_test_score": [0.03446887984675706], "rank_test_score": [1]}