{"mean_fit_time": [0.10252885818481446], "std_fit_time": [0.017247252268708078], "mean_score_time": [0.019545602798461913], "std_score_time": [0.001617133923168462], "param_C": [100], "param_gamma": [10], "param_kernel": ["rbf"], "params": [{"C": 100, "gamma": 10, "kernel": "rbf"}], "split0_test_score": [0.6666666666666666], "split1_test_score": [0.5451388888888888], "split2_test_score": [0.5625], "split3_test_score": [0.5625], "split4_test_score": [0.6167247386759582], "mean_test_score": [0.5907060588463027], "std_test_score": [0.04497669647656946], "rank_test_score": [1]}