{"mean_fit_time": [0.10845508575439453], "std_fit_time": [0.00625692323222388], "mean_score_time": [0.02083101272583008], "std_score_time": [0.0026348192931242476], "param_C": [100], "param_gamma": [10], "param_kernel": ["rbf"], "params": [{"C": 100, "gamma": 10, "kernel": "rbf"}], "split0_test_score": [0.6458333333333334], "split1_test_score": [0.5868055555555556], "split2_test_score": [0.5798611111111112], "split3_test_score": [0.6215277777777778], "split4_test_score": [0.6411149825783972], "mean_test_score": [0.615028552071235], "std_test_score": [0.027221178431519687], "rank_test_score": [1]}