{"mean_fit_time": [0.15046358108520508], "std_fit_time": [0.0057034109917378055], "mean_score_time": [0.004599905014038086], "std_score_time": [0.0008001209100158488], "param_max_depth": [null], "param_min_samples_split": [2], "param_n_estimators": [50], "params": [{"max_depth": null, "min_samples_split": 2, "n_estimators": 50}], "split0_test_score": [0.7361111111111112], "split1_test_score": [0.7048611111111112], "split2_test_score": [0.6215277777777778], "split3_test_score": [0.6944444444444444], "split4_test_score": [0.6759581881533101], "mean_test_score": [0.686580526519551], "std_test_score": [0.03793150136587671], "rank_test_score": [1]}