{"mean_fit_time": [0.055765628814697266], "std_fit_time": [0.010424571925579251], "mean_score_time": [0.021257448196411132], "std_score_time": [0.004638214297081584], "param_C": [0.1], "param_gamma": ["scale"], "param_kernel": ["rbf"], "params": [{"C": 0.1, "gamma": "scale", "kernel": "rbf"}], "split0_test_score": [0.6284722222222222], "split1_test_score": [0.6180555555555556], "split2_test_score": [0.5590277777777778], "split3_test_score": [0.59375], "split4_test_score": [0.5261324041811847], "mean_test_score": [0.5850875919473479], "std_test_score": [0.0379446390440768], "rank_test_score": [1]}