{"mean_fit_time": [0.06370701789855956], "std_fit_time": [0.011226319983881763], "mean_score_time": [0.02307300567626953], "std_score_time": [0.0021468085644346913], "param_C": [0.1], "param_gamma": ["scale"], "param_kernel": ["rbf"], "params": [{"C": 0.1, "gamma": "scale", "kernel": "rbf"}], "split0_test_score": [0.6284722222222222], "split1_test_score": [0.6180555555555556], "split2_test_score": [0.5590277777777778], "split3_test_score": [0.59375], "split4_test_score": [0.5261324041811847], "mean_test_score": [0.5850875919473479], "std_test_score": [0.0379446390440768], "rank_test_score": [1]}