{"mean_fit_time": [0.055646419525146484, 0.034600114822387694, 0.04840574264526367, 0.05373091697692871, 0.06893506050109863, 0.03958883285522461, 0.050230789184570315, 0.05554275512695313, 0.07119684219360352, 0.037212038040161134, 0.053062152862548825, 0.07212538719177246, 0.11148061752319335, 0.050707674026489256, 0.27184691429138186, 0.10425682067871093, 0.07369136810302734, 0.08140740394592286, 0.09454717636108398, 0.06004996299743652, 0.09177742004394532, 0.09228119850158692, 0.07647290229797363, 0.06846094131469727, 0.09045324325561524, 0.05069732666015625, 0.05887022018432617, 0.07446856498718261, 0.09432106018066407, 0.06800990104675293, 2.0118210315704346, 0.08890247344970703, 0.12919788360595702, 0.15901627540588378, 0.2425609588623047, 0.057829761505126955, 0.12115006446838379, 0.2125572681427002, 0.23921623229980468, 0.057214784622192386, 0.09580812454223633, 0.14292411804199218, 0.10267715454101563, 0.05474519729614258, 0.1213759422302246, 0.15520386695861815, 19.394453907012938, 0.055168676376342776], "std_fit_time": [0.0034593759833005406, 0.0020582135851917273, 0.002507632441387981, 0.0032744058249117454, 0.009328833500361471, 0.007353218365475699, 0.0024245325204031772, 0.0032194507925749965, 0.013791280841607221, 0.0017554216500816533, 0.00438358955247214, 0.020316745920285453, 0.05081301915701687, 0.02665186910572956, 0.032070057469378264, 0.036919793012660185, 0.008129713948259353, 0.03829864698574071, 0.030044324920171086, 0.01531402003150668, 0.016960003652133147, 0.023152515315083437, 0.02023920246344063, 0.029461799063599803, 0.03132425079034337, 0.002972738851392012, 0.004816629296740797, 0.024458323846446084, 0.00738229376906612, 0.029189672246563013, 0.3362168550997446, 0.03937456843798259, 0.03797011097283056, 0.04256305900895111, 0.11657356321843704, 0.020377661077810385, 0.03277859168614175, 0.04123228385296433, 0.06036950515539044, 0.017525823265634084, 0.011852045199905896, 0.02546325158556984, 0.03336638785094863, 0.018210134022161713, 0.029374962923223003, 0.013384924704389699, 2.7155660913838036, 0.004865287014104283], "mean_score_time": [0.03096919059753418, 0.008201408386230468, 0.008724117279052734, 0.012003135681152344, 0.05810985565185547, 0.008817768096923828, 0.009855699539184571, 0.019044828414916993, 0.03235044479370117, 0.009071779251098634, 0.009500741958618164, 0.012599706649780273, 0.042288017272949216, 0.008000516891479492, 0.009745073318481446, 0.02473611831665039, 0.040929746627807614, 0.008001327514648438, 0.019507122039794923, 0.010800647735595702, 0.057682371139526366, 0.015455532073974609, 0.015100049972534179, 0.01060018539428711, 0.04780888557434082, 0.008315324783325195, 0.012492847442626954, 0.011800050735473633, 0.032212686538696286, 0.008599853515625, 0.007624530792236328, 0.012085533142089844, 0.04400448799133301, 0.009668064117431641, 0.010003471374511718, 0.018419218063354493, 0.04328985214233398, 0.008401441574096679, 0.010002231597900391, 0.0095428466796875, 0.04057221412658692, 0.008621883392333985, 0.009419059753417969, 0.010500049591064453, 0.027013301849365234, 0.007419967651367187, 0.007775449752807617, 0.014170551300048828], "std_score_time": [0.0030291105692228817, 0.0004012406158782303, 0.0006616543438109749, 0.0013014093058609803, 0.043188472572448566, 0.0010139612100118778, 0.0018575016571002708, 0.00927218343039173, 0.0028448681620903186, 0.003880445185689683, 0.0004170287588421969, 0.0013561991260151107, 0.014014574889697833, 0.000632485811982737, 0.0011135555031351844, 0.018038808665606487, 0.02245878374638816, 0.0006334660776239272, 0.019854786632535426, 0.001719953020358072, 0.013991583507914261, 0.014591877268988222, 0.012722038450070043, 0.001854357914570656, 0.02229536753468119, 0.00039175755191268847, 0.0028146602729526176, 0.001599937714854909, 0.0020269793879991735, 0.002245341489940163, 0.0013701661273338409, 0.0009176114149060503, 0.015007804783582516, 0.0023750101881523486, 0.0017069035553834413, 0.016446481524875583, 0.018642625515535343, 0.000489943843067333, 0.0016737980527651347, 0.0013497848447053934, 0.01715386008673184, 0.001239681940865748, 0.0015049665931626483, 0.0015534829660073756, 0.0030479711158609727, 0.0017299175229592138, 0.0013426357945153329, 0.00565481096971027], "param_C": [0.1, 0.1, 0.1, 0.1, 0.1, 0.1, 0.1, 0.1, 0.1, 0.1, 0.1, 0.1, 0.1, 0.1, 0.1, 0.1, 1, 1, 1, 1, 1, 1, 1, 1, 1, 1, 1, 1, 1, 1, 1, 1, 10, 10, 10, 10, 10, 10, 10, 10, 10, 10, 10, 10, 10, 10, 10, 10], "param_gamma": ["scale", "scale", "scale", "scale", "auto", "auto", "auto", "auto", 0.1, 0.1, 0.1, 0.1, 1, 1, 1, 1, "scale", "scale", "scale", "scale", "auto", "auto", "auto", "auto", 0.1, 0.1, 0.1, 0.1, 1, 1, 1, 1, "scale", "scale", "scale", "scale", "auto", "auto", "auto", "auto", 0.1, 0.1, 0.1, 0.1, 1, 1, 1, 1], "param_kernel": ["rbf", "linear", "poly", "sigmoid", "rbf", "linear", "poly", "sigmoid", "rbf", "linear", "poly", "sigmoid", "rbf", "linear", "poly", "sigmoid", "rbf", "linear", "poly", "sigmoid", "rbf", "linear", "poly", "sigmoid", "rbf", "linear", "poly", "sigmoid", "rbf", "linear", "poly", "sigmoid", "rbf", "linear", "poly", "sigmoid", "rbf", "linear", "poly", "sigmoid", "rbf", "linear", "poly", "sigmoid", "rbf", "linear", "poly", "sigmoid"], "params": [{"C": 0.1, "gamma": "scale", "kernel": "rbf"}, {"C": 0.1, "gamma": "scale", "kernel": "linear"}, {"C": 0.1, "gamma": "scale", "kernel": "poly"}, {"C": 0.1, "gamma": "scale", "kernel": "sigmoid"}, {"C": 0.1, "gamma": "auto", "kernel": "rbf"}, {"C": 0.1, "gamma": "auto", "kernel": "linear"}, {"C": 0.1, "gamma": "auto", "kernel": "poly"}, {"C": 0.1, "gamma": "auto", "kernel": "sigmoid"}, {"C": 0.1, "gamma": 0.1, "kernel": "rbf"}, {"C": 0.1, "gamma": 0.1, "kernel": "linear"}, {"C": 0.1, "gamma": 0.1, "kernel": "poly"}, {"C": 0.1, "gamma": 0.1, "kernel": "sigmoid"}, {"C": 0.1, "gamma": 1, "kernel": "rbf"}, {"C": 0.1, "gamma": 1, "kernel": "linear"}, {"C": 0.1, "gamma": 1, "kernel": "poly"}, {"C": 0.1, "gamma": 1, "kernel": "sigmoid"}, {"C": 1, "gamma": "scale", "kernel": "rbf"}, {"C": 1, "gamma": "scale", "kernel": "linear"}, {"C": 1, "gamma": "scale", "kernel": "poly"}, {"C": 1, "gamma": "scale", "kernel": "sigmoid"}, {"C": 1, "gamma": "auto", "kernel": "rbf"}, {"C": 1, "gamma": "auto", "kernel": "linear"}, {"C": 1, "gamma": "auto", "kernel": "poly"}, {"C": 1, "gamma": "auto", "kernel": "sigmoid"}, {"C": 1, "gamma": 0.1, "kernel": "rbf"}, {"C": 1, "gamma": 0.1, "kernel": "linear"}, {"C": 1, "gamma": 0.1, "kernel": "poly"}, {"C": 1, "gamma": 0.1, "kernel": "sigmoid"}, {"C": 1, "gamma": 1, "kernel": "rbf"}, {"C": 1, "gamma": 1, "kernel": "linear"}, {"C": 1, "gamma": 1, "kernel": "poly"}, {"C": 1, "gamma": 1, "kernel": "sigmoid"}, {"C": 10, "gamma": "scale", "kernel": "rbf"}, {"C": 10, "gamma": "scale", "kernel": "linear"}, {"C": 10, "gamma": "scale", "kernel": "poly"}, {"C": 10, "gamma": "scale", "kernel": "sigmoid"}, {"C": 10, "gamma": "auto", "kernel": "rbf"}, {"C": 10, "gamma": "auto", "kernel": "linear"}, {"C": 10, "gamma": "auto", "kernel": "poly"}, {"C": 10, "gamma": "auto", "kernel": "sigmoid"}, {"C": 10, "gamma": 0.1, "kernel": "rbf"}, {"C": 10, "gamma": 0.1, "kernel": "linear"}, {"C": 10, "gamma": 0.1, "kernel": "poly"}, {"C": 10, "gamma": 0.1, "kernel": "sigmoid"}, {"C": 10, "gamma": 1, "kernel": "rbf"}, {"C": 10, "gamma": 1, "kernel": "linear"}, {"C": 10, "gamma": 1, "kernel": "poly"}, {"C": 10, "gamma": 1, "kernel": "sigmoid"}],